{"version":1,"generated-by":"CTB 4.15.29919","time":"2021-Sep-23 14:49:53","name":"Cam_Right","vsync_mode":"1","params":{"model":"pinhole","ku":1900,"kv":1900,"u0":1920,"v0":960,"w":3840,"h":1920},"baseline":0.25223231315612793,"position":[0,0,0,-0.014273714507498182,0.00012210956991047102,0.0085540661793412388],"relative-to": "-","src-params":{"model":"kannala-brandt","ku":1996.6317046883667,"kv":1996.6317046883667,"u0":1901.8619882528512,"v0":972.05110026270779,"w":3840,"h":1920,"lens-model":"brown-conrady","dc":[-7.78725800986852356e-03,2.52726800489745966e-03],"kd":[6.01896598649288642e-02,6.98546286962569221e-03,6.65778867267362122e-03]},"src-params-uncertainty":{"model":"kannala-brandt","ku":0.50671658999856262,"kv":0.50671658999856262,"u0":0.19356046058398976,"v0":0.13597446251600845,"w":0,"h":0,"lens-model":"brown-conrady"},"src-orientation":[0.00000000000000000e+00,0.00000000000000000e+00,0.00000000000000000e+00],"src-position":[0.00000000000000000e+00,0.00000000000000000e+00,0.00000000000000000e+00],"fov":[-9.94637002999366304e-01,-6.71426227774147621e-01,1.00981986252193878e+00,6.36946151189254128e-01],"vsync":4.92498817443847656e+01,"readout-ratio":0.00000000000000000e+00,"fitting":2.28563681244850159e-01,"fitting_max":1.46934211254119873e+00}