{"version":1,"generated-by":"CTB 4.15.29919","time":"2021-Sep-23 14:49:53","name":"Cam_Left","vsync_mode":"1","params":{"model":"pinhole","ku":1900,"kv":1900,"u0":1920,"v0":960,"w":3840,"h":1920},"baseline":0.25223231315612793,"position":[0.0036003013744454128,0.25219737940464437,0.0021575854979908131,-0.014273714507498182,0.00012210956991047102,0.0085540661793412388],"relative-to": "Cam_Right","src-params":{"model":"kannala-brandt","ku":1988.0342684472246,"kv":1988.0342684472246,"u0":1910.0403479097172,"v0":983.98680616154343,"w":3840,"h":1920,"lens-model":"brown-conrady","dc":[-3.34333907436704526e-04,-1.46948754918735706e-03],"kd":[6.00900465023136432e-02,9.21718057119375912e-03,4.38699195396337338e-03]},"src-params-uncertainty":{"model":"kannala-brandt","ku":0.49257496832631698,"kv":0.49257496832631698,"u0":0.20024753422893782,"v0":0.14619042590374681,"w":0,"h":0,"lens-model":"brown-conrady"},"src-orientation":[5.06118574335730946e-04,-2.04066700422285141e-02,2.16081058200868543e-04],"src-position":[3.60030137444541281e-03,2.52197379404644373e-01,2.15758549799081314e-03],"src-orientation-uncertainty":[1.05319327054784607e-04,5.44754463372961321e-05,9.78959632185928521e-06],"src-position-uncertainty":[3.04966354333028563e-05,1.24267258585541259e-05,7.84148189899147874e-06],"fov":[-1.03526764594629261e+00,-6.65140871299126357e-01,9.54960193958652837e-01,6.61933004475594333e-01],"vsync":0.00000000000000000e+00,"readout-ratio":0.00000000000000000e+00,"fitting":2.21048310399055481e-01,"fitting_max":1.35550570487976074e+00}